formula,AR,IR,X,E,pot
CoFe2O4,0.936,0.85,2.757,0.973,-0.05
CoFe2O4,0.936,0.85,2.757,0.973,-0.05
CoFe2O4,0.936,0.85,2.757,0.973,-0.05
CoFe2O4,0.936,0.85,2.757,0.973,-0.05
CoFe2O4,0.936,0.85,2.757,0.973,-0.05
CoFe2O4,0.936,0.85,2.757,0.973,-0.05
CoFe2O4,0.936,0.85,2.757,0.973,-0.05
CoFe2O4,0.936,0.85,2.757,0.973,-0.05
CoFe2O4,0.936,0.85,2.757,0.973,-0.05
CoFe2O4,0.936,0.85,2.757,0.973,-0.05
CoFe2O4,0.936,0.85,2.757,0.973,-0.05
MnFe2O4,0.943,0.855,2.71,0.804,-0.179
MnFe2O4,0.943,0.855,2.71,0.804,-0.179
MnFe2O4,0.943,0.855,2.71,0.804,-0.179
MnFe2O4,0.943,0.855,2.71,0.804,-0.179
MnFe2O4,0.943,0.855,2.71,0.804,-0.179
MnFe2O4,0.943,0.855,2.71,0.804,-0.179
MnFe2O4,0.943,0.855,2.71,0.804,-0.179
MnFe2O4,0.943,0.855,2.71,0.804,-0.179
MnFe2O4,0.943,0.855,2.71,0.804,-0.179
MnFe2O4,0.943,0.855,2.71,0.804,-0.179
MgFe2O4,0.957,0.957,2.676,0.819,-0.349
MgFe2O4,0.957,0.957,2.676,0.819,-0.349
MgFe2O4,0.957,0.957,2.676,0.819,-0.349
NiFe2O4,0.936,0.849,2.761,1.044,-0.047
NiFe2O4,0.936,0.849,2.761,1.044,-0.047
NiFe2O4,0.936,0.849,2.761,1.044,-0.047
ZnFe2O4,0.936,0.936,2.724,0.79,-0.119
ZnFe2O4,0.936,0.936,2.724,0.79,-0.119
ZnFe2O4,0.936,0.936,2.724,0.79,-0.119
ZnFe2O4,0.936,0.936,2.724,0.79,-0.119
NiCo2O4,0.921,0.64,2.776,1.189,0.077
NiCo2O4,0.921,0.64,2.776,1.189,0.077
CdCo2O4,0.95,0.756,2.744,0.921,0.057
CdCo2O4,0.95,0.756,2.744,0.921,0.057
CuWO4,0.85,0.738,3.003,1.316,0.042
CuWO4,0.85,0.738,3.003,1.316,0.042
FeWO4,0.858,0.756,2.992,1.136,-0.09
FeWO4,0.858,0.756,2.992,1.136,-0.09
Co2V2O7,0.873,0.764,2.827,1.146,-0.096
Co2V2O7,0.873,0.764,2.827,1.146,-0.096
FeVO4,0.858,0.858,2.87,1.088,-0.048
FeVO4,0.858,0.858,2.87,1.088,-0.048
AgVO3,0.95,0.846,2.776,1.243,0.11
AgVO3,0.95,0.846,2.776,1.243,0.11
AgVO3,0.95,0.846,2.776,1.243,0.11
AgVO3,0.95,0.846,2.776,1.243,0.11
CoMoO4,0.867,0.767,2.967,1.209,-0.021
AgVO3,0.95,0.846,2.776,1.243,0.11
AgVO3,0.95,0.846,2.776,1.243,0.11
CoMoO4,0.867,0.767,2.967,1.209,-0.021
CuMnO2,0.988,0.666,2.582,0.909,-0.21
CuMnO2,0.988,0.666,2.582,0.909,-0.21
Cu0.89Zn0.11O,0.975,0.677,2.656,1.246,0.11
Cu0.89Zn0.11O,0.975,0.677,2.656,1.246,0.11
Fe2(MoO4)3,0.844,0.844,3.025,1.181,0.023
Fe2(MoO4)3,0.844,0.844,3.025,1.181,0.023
(CeO2)0.10/CoO,0.996,0.846,2.6635,1.1135,-0.215
(CeO2)0.10/CoO,0.996,0.846,2.6635,1.1135,-0.215
CoO/CeO2,0.996,0.846,2.6635,1.1135,-0.215
CoO/CeO2,0.996,0.846,2.6635,1.1135,-0.215
Co3O4/CeO2,0.969,0.969,2.719,1.142,-0.29
Co3O4/CeO2,0.969,0.969,2.719,1.142,-0.29
Fe3O4@CeO2,1.017,1.017,2.667,1.165,-0.29
Fe3O4@CeO2,1.017,1.017,2.667,1.165,-0.29
Pd/CeO2,1.2085,0.8735,2.4335,0.8635,0.27
Pd/CeO2,1.2085,0.8735,2.4335,0.8635,0.27
Ce-Fe3O4,1.3965,1.3965,1.935,0.7365,
Ce-Fe3O4,1.3965,1.3965,1.935,0.7365,
Fe3O4-MnO2,0.905,0.75,2.78,0.851,0.016
Fe3O4-MnO2,0.905,0.75,2.78,0.851,0.016
Pt-WO2.72,1.076,1.076,2.715,1.7065,1.2
Pt-WO2.72,1.076,1.076,2.715,1.7065,1.2
Fe3O4,0.943,0.943,2.75,0.901,
Fe3O4,0.943,0.943,2.75,0.901,
Fe3O4,0.943,0.943,2.75,0.901,
Fe3O4,0.943,0.943,2.75,0.901,
Fe3O4,0.943,0.943,2.75,0.901,
Fe3O4,0.943,0.943,2.75,0.901,
Fe3O4,0.943,0.943,2.75,0.901,
MnO2,0.867,0.557,2.81,0.801,0.016
MnO2,0.867,0.557,2.81,0.801,0.016
CuO,0.975,0.64,2.67,1.348,0.17
CuO,0.975,0.64,2.67,1.348,0.17
GeO2,0.817,0.817,2.963,1.385,
GeO2,0.817,0.817,2.963,1.385,
MoO2,0.883,0.65,3.013,1.223,-0.024
MoO2,0.883,0.65,3.013,1.223,-0.024
WO3,0.788,0.788,3.17,1.3,-0.022
WO3,0.788,0.788,3.17,1.3,-0.022
WO2.92,0.788,0.788,3.17,1.3,-0.022
WO2.92,0.788,0.788,3.17,1.3,-0.022
W18O49,0.801,0.801,3.15,1.288,
W18O49,0.801,0.801,3.15,1.288,
Au,1.35,1.51,2.54,2.309,1.69
Au,1.35,1.51,2.54,2.309,1.69
Au,1.35,1.51,2.54,2.309,1.69
Au,1.35,1.51,2.54,2.309,1.69
Fe2O3,0.92,0.92,2.796,0.938,-0.014
Fe2O3,0.92,0.92,2.796,0.938,-0.014
Fe2O3,0.92,0.92,2.796,0.938,-0.014
Fe2O3,0.92,0.92,2.796,0.938,-0.014
Fe2O3,0.92,0.92,2.796,0.938,-0.014
Fe2O3,0.92,0.92,2.796,0.938,-0.014
Fe2O3,0.92,0.92,2.796,0.938,-0.014
Fe2O3,0.92,0.92,2.796,0.938,-0.014
Fe2O3,0.92,0.92,2.796,0.938,-0.014
Fe2O3,0.92,0.92,2.796,0.938,-0.014
Fe2O3,0.92,0.92,2.796,0.938,-0.014
Fe3O4,0.943,0.943,2.75,0.901,
Fe3O4,0.943,0.943,2.75,0.901,
Fe3O4,0.943,0.943,2.75,0.901,
Fe3O4,0.943,0.943,2.75,0.901,
Fe3O4,0.943,0.943,2.75,0.901,
Fe3O4,0.943,0.943,2.75,0.901,
Fe3O4,0.943,0.943,2.75,0.901,
Fe3O4,0.943,0.943,2.75,0.901,
Fe3O4,0.943,0.943,2.75,0.901,
Fe3O4,0.943,0.943,2.75,0.901,
Co3O4,0.921,0.921,2.771,1.119,
Co3O4,0.921,0.921,2.771,1.119,
NiO,0.975,0.67,2.675,1.309,-0.13
NiO,0.975,0.67,2.675,1.309,-0.13
Co3O4/CeO2,0.969,0.969,2.719,1.142,-0.29
Co3O4/CeO2,0.969,0.969,2.719,1.142,-0.29
Co3O4,0.921,0.921,2.771,1.119,
Co3O4,0.921,0.921,2.771,1.119,
CeO2,1.017,1.017,2.667,1.165,-0.29
CeO2,1.017,1.017,2.667,1.165,-0.29
Co3O4,0.921,0.921,2.771,1.119,
Co3O4,0.921,0.921,2.771,1.119,
Co3O4,0.921,0.921,2.771,1.119,
Co3O4,0.921,0.921,2.771,1.119,
Co3O4,0.921,0.921,2.771,1.119,
Co3O4,0.921,0.921,2.771,1.119,
Co3O4,0.921,0.921,2.771,1.119,
Co3O4,0.921,0.921,2.771,1.119,
Co3O4,0.921,0.921,2.771,1.119,
Co3O4,0.921,0.921,2.771,1.119,
Co3O4,0.921,0.921,2.771,1.119,
Co3O4,0.921,0.921,2.771,1.119,
Co3O4,0.921,0.921,2.771,1.119,
Co3O4,0.921,0.921,2.771,1.119,
Co3O4,0.921,0.921,2.771,1.119,
Co3O4,0.921,0.921,2.771,1.119,
Co3O4,0.921,0.921,2.771,1.119,
Co3O4,0.921,0.921,2.771,1.119,
CeO2,1.017,1.017,2.667,1.165,-0.29
CeO2,1.017,1.017,2.667,1.165,-0.29
CeO2,1.017,1.017,2.667,1.165,-0.29
CeO2,1.017,1.017,2.667,1.165,-0.29
CeO2,1.017,1.017,2.667,1.165,-0.29
CeO2,1.017,1.017,2.667,1.165,-0.29
CeO2,1.017,1.017,2.667,1.165,-0.29
CeO2,1.017,1.017,2.667,1.165,-0.29
CeO2,1.017,1.017,2.667,1.165,-0.29
CeO2,1.017,1.017,2.667,1.165,-0.29
CeO2,1.017,1.017,2.667,1.165,-0.29
CeO2,1.017,1.017,2.667,1.165,-0.29
CeO2,1.017,1.017,2.667,1.165,-0.29
CeO2,1.017,1.017,2.667,1.165,-0.29
CeO2,1.017,1.017,2.667,1.165,-0.29
CeO2,1.017,1.017,2.667,1.165,-0.29
CeO2,1.017,1.017,2.667,1.165,-0.29
Fe3O4,0.943,0.943,2.75,0.901,
Fe3O4,0.943,0.943,2.75,0.901,
CeO2,1.017,1.017,2.667,1.165,-0.29
CeO2,1.017,1.017,2.667,1.165,-0.29
CeO2,1.017,1.017,2.667,1.165,-0.29
CeO2,1.017,1.017,2.667,1.165,-0.29
CuO,0.975,0.64,2.67,1.348,0.17
CuO,0.975,0.64,2.67,1.348,0.17
CuO,0.975,0.64,2.67,1.348,0.17
CuO,0.975,0.64,2.67,1.348,0.17
CuO,0.975,0.64,2.67,1.348,0.17
MnO2,0.867,0.557,2.81,0.801,0.016
MnO2,0.867,0.557,2.81,0.801,0.016
MnO2,0.867,0.557,2.81,0.801,0.016
MnO2,0.867,0.557,2.81,0.801,0.016
Pd,1.4,0.73,2.2,0.562,0.83
CeO2,1.017,1.017,2.667,1.165,-0.29
Pd,1.4,0.73,2.2,0.562,0.83
CeO2,1.017,1.017,2.667,1.165,-0.29
V2O5,0.814,0.814,2.923,1.194,-0.071
V2O5,0.814,0.814,2.923,1.194,-0.071
VO,0.975,0.69,2.535,0.994,-0.595
VO,0.975,0.69,2.535,0.994,-0.595
VO2,0.85,0.627,2.837,1.15,-0.397
VO2,0.85,0.627,2.837,1.15,-0.397
VO2,0.85,0.627,2.837,1.15,-0.397
VO2,0.85,0.627,2.837,1.15,-0.397
UO2,0.983,0.7,2.753,1.151,-0.5
UO2,0.983,0.7,2.753,1.151,-0.5
Ir,1.35,1.35,2.2,1.564,
Ir,1.35,1.35,2.2,1.564,
Fe3O4,0.943,0.943,2.75,0.901,
Cu2O,1.1,0.78,2.413,1.311,0.347
Cu2O,1.1,0.78,2.413,1.311,0.347
Cu2O,1.1,0.78,2.413,1.311,0.347
Cu2O,1.1,0.78,2.413,1.311,0.347
Cu2O,1.1,0.78,2.413,1.311,0.347
Cu2O,1.1,0.78,2.413,1.311,0.347
Au-Cu2O,1.225,1.145,2.4765,1.81,1.0185
Au-Cu2O,1.225,1.145,2.4765,1.81,1.0185
RuO2,0.833,0.635,3.027,1.323,0.263
RuO2,0.833,0.635,3.027,1.323,0.263
Au-CeO2,1.1835,1.2635,2.6035,1.737,0.7
Au-CeO2,1.1835,1.2635,2.6035,1.737,0.7
ZnCo2O4,0.921,0.727,2.739,0.936,0.006
ZnCo2O4,0.921,0.727,2.739,0.936,0.006
LaCoO3,1.02,0.884,2.66,1.121,-0.394
LaCoO3,1.02,0.884,2.66,1.121,-0.394
LaNiO3,1.02,1.02,2.666,1.22,-0.526
LaNiO3,1.02,1.02,2.666,1.22,-0.526
CeVO4,0.933,0.793,2.752,1.157,-0.455
CeVO4,0.933,0.793,2.752,1.157,-0.455
Tb2(MoO4)3,0.885,0.785,2.939,1.179,-0.254
Tb2(MoO4)3,0.885,0.785,2.939,1.179,-0.254
Ni0.84Pd,1.377,1.013,2.068,0.834,0.332
Ni0.84Pd,1.377,1.013,2.068,0.834,0.332
NiTe,1.375,1.07,2.005,1.564,-0.13
Pt,1.35,1.35,2.28,2.125,1.2
Pt,1.35,1.35,2.28,2.125,1.2
Pt,1.35,1.35,2.28,2.125,1.2
Pt,1.35,1.35,2.28,2.125,1.2
Pt,1.35,1.35,2.28,2.125,1.2
Ru,1.3,1.3,2.2,1.046,0.45
Ru,1.3,1.3,2.2,1.046,0.45
Au,1.35,1.51,2.54,2.309,1.69
Au,1.35,1.51,2.54,2.309,1.69
Au,1.35,1.51,2.54,2.309,1.69
Au,1.35,1.51,2.54,2.309,1.69
Au,1.35,1.51,2.54,2.309,1.69
Au,1.35,1.51,2.54,2.309,1.69
Au,1.35,1.51,2.54,2.309,1.69
Au,1.35,1.51,2.54,2.309,1.69
CeO2,1.017,1.017,2.667,1.165,-0.29
CeO2,1.017,1.017,2.667,1.165,-0.29
CeO2,1.017,1.017,2.667,1.165,-0.29
CeO2,1.017,1.017,2.667,1.165,-0.29
CeO2,1.017,1.017,2.667,1.165,-0.29
CeO2,1.017,1.017,2.667,1.165,-0.29
Fe3O4,0.943,0.943,2.75,0.901,
Fe3O4,0.943,0.943,2.75,0.901,
Fe3O4,0.943,0.943,2.75,0.901,
Fe3O4,0.943,0.943,2.75,0.901,
Fe3O4,0.943,0.943,2.75,0.901,
Fe3O4,0.943,0.943,2.75,0.901,
Fe3O4,0.943,0.943,2.75,0.901,
Fe3O4,0.943,0.943,2.75,0.901,
Fe3O4,0.943,0.943,2.75,0.901,
Fe3O4,0.943,0.943,2.75,0.901,
Fe3O4,0.943,0.943,2.75,0.901,
Fe3O4,0.943,0.943,2.75,0.901,
Fe3O4,0.943,0.943,2.75,0.901,
Fe3O4,0.943,0.943,2.75,0.901,
Fe3O4,0.943,0.943,2.75,0.901,
MnFe2O4,0.943,0.855,2.71,0.804,-0.179
NiFe2O4,0.936,0.849,2.761,1.044,-0.047
CuFe2O4,0.936,0.84,2.76,1.055,0.038
CoFe2O4,0.936,0.85,2.757,0.973,-0.05
Ir,1.35,1.35,2.2,1.564,
Ir,1.35,1.35,2.2,1.564,
FeWO4,0.858,0.756,2.992,1.136,-0.09
FeWO4,0.858,0.756,2.992,1.136,-0.09
Fe2O3,0.92,0.92,2.796,0.938,-0.014
Fe2O3,0.92,0.92,2.796,0.938,-0.014
CeO2,1.017,1.017,2.667,1.165,-0.29
CeO2,1.017,1.017,2.667,1.165,-0.29
Mn3O4,0.943,0.943,2.63,0.612,
MnO2,0.867,0.557,2.81,0.801,0.016
Fe3O4,0.943,0.943,2.75,0.901,
Mn2Fe2O5,0.956,0.819,2.662,0.73,-0.27
Mn2Fe2O5,0.956,0.819,2.662,0.73,-0.27
Mn2Fe2O5,0.956,0.819,2.662,0.73,-0.27
CeO2,1.017,1.017,2.667,1.165,-0.29
CeO2,1.017,1.017,2.667,1.165,-0.29
CeO2,1.017,1.017,2.667,1.165,-0.29
CeO2,1.017,1.017,2.667,1.165,-0.29
MnFe2O4,0.943,0.855,2.71,0.804,-0.179
Co3O4,0.921,0.921,2.771,1.119,
Co3O4,0.921,0.921,2.771,1.119,
NiO,0.975,0.67,2.675,1.309,-0.13
CuCo2O4,0.921,0.631,2.774,1.201,0.163
MnCo2O4,0.929,0.646,2.724,0.95,-0.054
NiCo2O4,0.921,0.64,2.776,1.189,0.077
Co3O4,0.921,0.921,2.771,1.119,
MoO3,0.812,0.812,3.12,1.283,0.038
CeO2,1.017,1.017,2.667,1.165,-0.29
CeO2,1.017,1.017,2.667,1.165,-0.29
CeO2,1.017,1.017,2.667,1.165,-0.29
CeO2,1.017,1.017,2.667,1.165,-0.29
CeO2,1.017,1.017,2.667,1.165,-0.29
CeO2,1.017,1.017,2.667,1.165,-0.29
CeO2,1.017,1.017,2.667,1.165,-0.29
MnO2,0.867,0.557,2.81,0.801,0.016
MnO2,0.867,0.557,2.81,0.801,0.016
Co3O4,0.921,0.921,2.771,1.119,
Mn3O4,0.943,0.943,2.63,0.612,
Mn3O4,0.943,0.943,2.63,0.612,
Mn3O4,0.943,0.943,2.63,0.612,
Mn3O4,0.943,0.943,2.63,0.612,
Mn3O4,0.943,0.943,2.63,0.612,
RuO2,0.833,0.635,3.027,1.323,0.263
Rh,1.35,1.35,2.28,1.143,0.6
Rh,1.35,1.35,2.28,1.143,0.6
MoS2,1.15,0.917,2.44,1.634,-0.024
MoS2,1.15,0.917,2.44,1.634,-0.024
MoS2,1.15,0.917,2.44,1.634,-0.024
MoS2,1.15,0.917,2.44,1.634,-0.024
MoS2,1.15,0.917,2.44,1.634,-0.024
MoS2,1.15,0.917,2.44,1.634,-0.024
MoS2,1.15,0.917,2.44,1.634,-0.024
MoS2,1.15,0.917,2.44,1.634,-0.024
MoS2,1.15,0.917,2.44,1.634,-0.024
MoS2,1.15,0.917,2.44,1.634,-0.024
MoS2,1.15,0.917,2.44,1.634,-0.024
MoS2,1.15,0.917,2.44,1.634,-0.024
Co9S8,1.185,1.185,2.209,1.328,
Co9S8,1.185,1.185,2.209,1.328,
Mo0.1CeO2,1.031,1.031,2.65,1.151,0.05
Mo0.1CeO2,1.031,1.031,2.65,1.151,0.05
CeO2,1.017,1.017,2.667,1.165,-0.29
CeO2,1.017,1.017,2.667,1.165,-0.29
CuO/Pt,1.1625,0.995,2.475,1.7365,0.685
CuO/Pt,1.1625,0.995,2.475,1.7365,0.685
Cu,1.35,0.91,1.9,1.236,0.52
Cu,1.35,0.91,1.9,1.236,0.52
Cu(OH)2,0.61,0.476,2.636,1.133,0.068
Cu(OH)2,0.61,0.476,2.636,1.133,0.068
Pt,1.35,1.35,2.28,2.125,1.2
Pt,1.35,1.35,2.28,2.125,1.2
V2O5,0.814,0.814,2.923,1.194,-0.071
V2O5,0.814,0.814,2.923,1.194,-0.071
Os,1.3,1.3,2.2,1.078,0.85
Os,1.3,1.3,2.2,1.078,0.85
Cu-CuFe2O4,1.143,0.875,2.33,1.1455,0.279
Cu-CuFe2O4,1.143,0.875,2.33,1.1455,0.279
Ru/C,1,1,2.375,1.154,0.45
Ru/C,1,1,2.375,1.154,0.45
Ru,1.3,1.3,2.2,1.046,0.45
Ru,1.3,1.3,2.2,1.046,0.45
Pd,1.4,0.73,2.2,0.562,0.83
Pd,1.4,0.73,2.2,0.562,0.83
Au,1.35,1.51,2.54,2.309,1.69
Pt,1.35,1.35,2.28,2.125,1.2
Pt,1.35,1.35,2.28,2.125,1.2
MoS2,1.15,0.917,2.44,1.634,-0.024
MoS2,1.15,0.917,2.44,1.634,-0.024
Fe/CeO2,1.2085,1.2085,2.2485,0.659,-0.37
Fe/CeO2,1.2085,1.2085,2.2485,0.659,-0.37
TiO2,0.867,0.867,2.807,0.999,-0.293
TiO2,0.867,0.867,2.807,0.999,-0.293
TiO2/TiN,0.946,0.7825,2.5485,0.501,0.039
TiO2/TiN,0.946,0.7825,2.5485,0.501,0.039
TiN,1.025,0.698,2.29,0.003,0.371
TiN,1.025,0.698,2.29,0.003,0.371
TiN,1.025,0.698,2.29,0.003,0.371
TiN,1.025,0.698,2.29,0.003,0.371
TiN,1.025,0.698,2.29,0.003,0.371
TiN,1.025,0.698,2.29,0.003,0.371
CuO,0.975,0.64,2.67,1.348,0.17
CuO,0.975,0.64,2.67,1.348,0.17
Cu-Fe4(Fe(CN)6)3,1.0715,0.8515,2.269,0.88,0.257
Cu-Fe4(Fe(CN)6)3,1.0715,0.8515,2.269,0.88,0.257
Ir,1.35,1.35,2.2,1.564,
Ir,1.35,1.35,2.2,1.564,
Pt,1.35,1.35,2.28,2.125,1.2
Pt,1.35,1.35,2.28,2.125,1.2
RuO2,0.833,0.635,3.027,1.323,0.263
RuO2,0.833,0.635,3.027,1.323,0.263
Mn3O4,0.943,0.943,2.63,0.612,
Mn3O4,0.943,0.943,2.63,0.612,
Mn3O4,0.943,0.943,2.63,0.612,
Mn3O4,0.943,0.943,2.63,0.612,
Mn3O4,0.943,0.943,2.63,0.612,
Mn3O4,0.943,0.943,2.63,0.612,
Mn3O4,0.943,0.943,2.63,0.612,
MnO2,0.867,0.557,2.81,0.801,0.016
MnO2,0.867,0.557,2.81,0.801,0.016
Pt0.1Au,1.35,1.495,2.516,2.292,1.645
Pt0.1Au,1.35,1.495,2.516,2.292,1.645
Pt50Ag50,1.475,1.32,2.105,1.715,1
Pt50Ag50,1.475,1.32,2.105,1.715,1
Pt50Ag50,1.475,1.32,2.105,1.715,1
Pt50Ag50,1.475,1.32,2.105,1.715,1
Au@Pt,1.35,1.35,2.28,2.125,1.2
Au@Pt,1.35,1.35,2.28,2.125,1.2
Au@PtAg0.33,1.412,1.335,2.193,1.921,1.101
Au@PtAg0.33,1.412,1.335,2.193,1.921,1.101
Au@PtAg0.5,1.433,1.33,2.163,1.852,1.067
Au@PtAg0.5,1.433,1.33,2.163,1.852,1.067
CoFe2O4,0.936,0.85,2.757,0.973,-0.05
Ir0.2Pt0.8,1.35,1.35,2.264,2.013,
Ir0.2Pt0.8,1.35,1.35,2.264,2.013,
Au@CeO2,1.017,1.017,2.667,1.165,-0.29
Au@CeO2,1.017,1.017,2.667,1.165,-0.29
Co3O4/MoO3,0.8665,0.8665,2.9455,1.201,0.038
Co3O4/MoO3,0.8665,0.8665,2.9455,1.201,0.038
Co3O4,0.921,0.921,2.771,1.119,
Co3O4,0.921,0.921,2.771,1.119,
Ag3PO4,1.025,0.83,2.718,1.313,0.3
Fe2O3-Fe4(Fe(CN)6)3,0.8565,0.8565,2.717,0.731,-0.01
Fe2O3-Fe4(Fe(CN)6)4,0.8495,0.8495,2.7265,0.7355,-0.0095
Fe3S4,1.171,1.171,2.259,1.253,
Fe3S4,1.171,1.171,2.259,1.253,
ZnFe2O4,0.936,0.936,2.724,0.79,-0.119
ZnFe2O4,0.936,0.936,2.724,0.79,-0.119
Fe0.5Mn0.5Fe2O4,0.943,0.899,2.73,0.853,-0.084
Fe0.5Mn0.5Fe2O4,0.943,0.899,2.73,0.853,-0.084
FeSe,1.275,0.968,2.19,1.087,-0.225
FeSe,1.275,0.968,2.19,1.087,-0.225
FeS,1.2,0.893,2.205,1.115,-0.225
FeS,1.2,0.893,2.205,1.115,-0.225
MnSe,1.275,0.968,2.05,0.75,-0.59
MnSe,1.275,0.968,2.05,0.75,-0.59
CuS,1.175,0.84,2.24,1.656,0.17
CuS,1.175,0.84,2.24,1.656,0.17
CdS,1.275,1.275,2.135,0.679,-0.2
CdS,1.275,1.275,2.135,0.679,-0.2
Au@C,0.7,0.7,2.55,1.262,
Au@C,0.7,0.7,2.55,1.262,
CuInS2,1.225,1.105,2.21,1.443,0.045
WC,1.025,0.73,2.455,1.039,-0.06
WC,1.025,0.73,2.455,1.039,-0.06
Si,1.1,1.1,1.9,1.39,
Si,1.1,1.1,1.9,1.39,
CdS,1.275,1.275,2.135,0.679,-0.2
CdS,1.275,1.275,2.135,0.679,-0.2
FeP,1.2,1.2,2.01,0.45,-0.018
FeP,1.2,1.2,2.01,0.45,-0.018
Au,1.35,1.51,2.54,2.309,1.69
Au,1.35,1.51,2.54,2.309,1.69
Au,1.35,1.51,2.54,2.309,1.69
Cu,1.35,0.91,1.9,1.236,0.52
Cu,1.35,0.91,1.9,1.236,0.52
BN,0.75,0.75,2.54,0.105,
BN,0.75,0.75,2.54,0.105,
BiOBr,1.117,1.117,2.807,1.922,0.077
BiOBr,1.117,1.117,2.807,1.922,0.077
BiOCl,1.067,1.067,2.873,2.005,0.077
BiOCl,1.067,1.067,2.873,2.005,0.077
BiOBr,1.117,1.117,2.807,1.922,0.077
BiOBr,1.117,1.117,2.807,1.922,0.077
BiOI,1.2,1.2,2.707,1.821,0.077
BiOI,1.2,1.2,2.707,1.821,0.077
BiOI,1.2,1.2,2.707,1.821,0.077
BiOI,1.2,1.2,2.707,1.821,0.077
Co4N,1.21,1.21,2.112,0.516,-0.28
Co4N,1.21,1.21,2.112,0.516,-0.28
CoOOH,0.7,0.53,2.74,1.085,0.1
CoOOH,0.7,0.53,2.74,1.085,0.1
Cu3(PO4)2,0.835,0.68,2.892,1.299,0.078
Cu1.75Se,1.277,1.277,2.136,1.521,0.315
Cu1.75Se,1.277,1.277,2.136,1.521,0.315
Fe3(PO4)2,0.846,0.704,2.876,1.049,-0.104
Fe3(PO4)2,0.846,0.704,2.876,1.049,-0.104
Fe3(PO4)2(OH)2,0.747,0.747,2.863,1.063,
Fe3(PO4)2(OH)2,0.747,0.747,2.863,1.063,
FeS,1.2,0.893,2.205,1.115,-0.225
FeS,1.2,0.893,2.205,1.115,-0.225
FeSe,1.275,0.968,2.19,1.087,-0.225
FeSe,1.275,0.968,2.19,1.087,-0.225
MnOOH,0.712,0.53,2.657,0.789,-0.295
KFePW12O40,0.815,0.803,3.105,1.266,-0.063
KFePW12O40,0.815,0.803,3.105,1.266,-0.063
MoSe2,1.25,1.017,2.42,1.596,-0.024
MoSe2,1.25,1.017,2.42,1.596,-0.024
WSe2,1.217,1.02,2.487,1.619,-0.04
WSe2,1.217,1.02,2.487,1.619,-0.04
Cu,1.35,0.91,1.9,1.236,0.52
Cu,1.35,0.91,1.9,1.236,0.52
Pd,1.4,0.73,2.2,0.562,0.83
Pd,1.4,0.73,2.2,0.562,0.83
Pd,1.4,0.73,2.2,0.562,0.83
Pd,1.4,0.73,2.2,0.562,0.83
Pd,1.4,0.73,2.2,0.562,0.83
Pd,1.4,0.73,2.2,0.562,0.83
Pt,1.35,1.35,2.28,2.125,1.2
Pt,1.35,1.35,2.28,2.125,1.2
Au0.06Ag,1.586,1.302,1.965,1.361,0.85
Au0.06Ag,1.586,1.302,1.965,1.361,0.85
BiAu,1.475,1.555,2.28,1.625,
BiAu,1.475,1.555,2.28,1.625,
BiAu,1.475,1.555,2.28,1.625,
BiAu,1.475,1.555,2.28,1.625,
Pd@Ir,1.35,1.35,2.2,1.564,
Pd@Ir,1.35,1.35,2.2,1.564,
Pd,1.4,0.73,2.2,0.562,0.83
Pd,1.4,0.73,2.2,0.562,0.83
Pd@Ir,1.35,1.35,2.2,1.564,
Pd@Ir,1.35,1.35,2.2,1.564,
Pd@Ir,1.35,1.35,2.2,1.564,
Pd@Ir,1.35,1.35,2.2,1.564,
CoS,1.175,0.875,2.23,1.37,-0.14
CoS,1.175,0.875,2.23,1.37,-0.14
CuS,1.175,0.84,2.24,1.656,0.17
CuS,1.175,0.84,2.24,1.656,0.17
Cu1.8S,1.233,0.913,2.127,1.516,0.347
Cu1.8S,1.233,0.913,2.127,1.516,0.347
FeS,1.2,0.893,2.205,1.115,-0.225
FeS,1.2,0.893,2.205,1.115,-0.225
VS2,1.117,0.893,2.263,1.561,-0.397
VS2,1.117,0.893,2.263,1.561,-0.397
WS2,1.117,0.92,2.507,1.657,-0.04
WS2,1.117,0.92,2.507,1.657,-0.04
ZnS,1.175,1.175,2.115,0.729,-0.38
ZnS,1.175,1.175,2.115,0.729,-0.38
AgI,1.5,1.24,2.295,2.182,0.4
AgI,1.5,1.24,2.295,2.182,0.4
CuS,1.175,0.84,2.24,1.656,0.17
CuS,1.175,0.84,2.24,1.656,0.17
CuCo2S4,1.15,0.86,2.283,1.553,0.163
CuCo2S4,1.15,0.86,2.283,1.553,0.163
CuS,1.175,0.84,2.24,1.656,0.17
CuS,1.175,0.84,2.24,1.656,0.17
CoS,1.175,0.875,2.23,1.37,-0.14
CoS,1.175,0.875,2.23,1.37,-0.14
WSe2,1.217,1.02,2.487,1.619,-0.04
WSe2,1.217,1.02,2.487,1.619,-0.04
LaFeO3,1.03,1.03,2.65,1.019,-0.481
LaFeO3,1.03,1.03,2.65,1.019,-0.481
Cu2ZnSnSSe3,1.244,1.124,2.205,1.388,0.036
Cu2ZnSnSSe3,1.244,1.124,2.205,1.388,0.036
Pt0.1-CdS,1.3125,1.3125,2.2075,1.402,0.5
Pt0.1-CdS,1.3125,1.3125,2.2075,1.402,0.5
CoPW11O39,0.812,0.803,3.114,1.269,-0.005
CoPW11O39,0.812,0.803,3.114,1.269,-0.005
Pd,1.4,0.73,2.2,0.562,0.83
Pd,1.4,0.73,2.2,0.562,0.83
PdCu,1.375,0.82,2.05,0.899,0.675
PdCu,1.375,0.82,2.05,0.899,0.675
C,0.7,0.7,2.55,1.262,
C,0.7,0.7,2.55,1.262,
Au,1.35,1.51,2.54,2.309,1.69
Au,1.35,1.51,2.54,2.309,1.69
Au,1.35,1.51,2.54,2.309,1.69
Au,1.35,1.51,2.54,2.309,1.69
Au,1.35,1.51,2.54,2.309,1.69
Au,1.35,1.51,2.54,2.309,1.69
Pt,1.35,1.35,2.28,2.125,1.2
Pt,1.35,1.35,2.28,2.125,1.2
Fe4(Fe(CN)6)3,0.793,0.793,2.638,0.524,-0.006
Fe4(Fe(CN)6)3,0.793,0.793,2.638,0.524,-0.006
Fe4(Fe(CN)6)3,0.793,0.793,2.638,0.524,-0.006
Fe4(Fe(CN)6)3,0.793,0.793,2.638,0.524,-0.006
Fe4(Fe(CN)6)3,0.793,0.793,2.638,0.524,-0.006
Fe4(Fe(CN)6)3,0.793,0.793,2.638,0.524,-0.006
MoS2,1.15,0.917,2.44,1.634,-0.024
MoS2,1.15,0.917,2.44,1.634,-0.024
Ir,1.35,1.35,2.2,1.564,
Ir,1.35,1.35,2.2,1.564,
CuS,1.175,0.84,2.24,1.656,0.17
CuS,1.175,0.84,2.24,1.656,0.17
CuS,1.175,0.84,2.24,1.656,0.17
CuS,1.175,0.84,2.24,1.656,0.17
MoS2,1.15,0.917,2.44,1.634,-0.024
MoS2,1.15,0.917,2.44,1.634,-0.024
C,0.7,0.7,2.55,1.262,
C,0.7,0.7,2.55,1.262,
Ti3C2,1.12,1.12,1.944,0.55,
Ti3C2,1.12,1.12,1.944,0.55,
Ti3C2,1.12,1.12,1.944,0.55,
Ti3C2,1.12,1.12,1.944,0.55,
Ti3C2,1.12,1.12,1.944,0.55,
Ti3C2,1.12,1.12,1.944,0.55,
Pt,1.35,1.35,2.28,2.125,1.2
Mn2O3,0.92,0.628,2.684,0.669,-0.472
Pd,1.4,0.73,2.2,0.562,0.83
PdIr,1.375,1.04,2.2,1.063,
Pd@Ir,1.35,1.35,2.2,1.564,
Pd,1.4,0.73,2.2,0.562,0.83
Pd0.25Pt0.75,1.363,1.195,2.26,1.734,1.108
Se,1.15,1.15,2.55,2.021,
CeO2,1.017,1.017,2.667,1.165,-0.29
Pt,1.35,1.35,2.28,2.125,1.2
Pt0.7Se0.3,1.29,1.29,2.361,2.094,
CuPt,1.35,1.13,2.09,1.68,0.86
MnO2,0.867,0.557,2.81,0.801,0.016
MnO2,0.867,0.557,2.81,0.801,0.016
MnO2,0.867,0.557,2.81,0.801,0.016
Ir,1.35,1.35,2.2,1.564,
Tb4O7,1.018,1.018,2.589,0.978,
MnFe2O4,0.943,0.855,2.71,0.804,-0.179
MnFe2O4,0.943,0.855,2.71,0.804,-0.179
MnFe2O4,0.943,0.855,2.71,0.804,-0.179
Pt,1.35,1.35,2.28,2.125,1.2
Ru,1.3,1.3,2.2,1.046,0.45
Ru,1.3,1.3,2.2,1.046,0.45
Au0.75Pt0.25,1.35,1.47,2.475,2.263,1.568
Au0.5Pt0.5,1.35,1.43,2.41,2.217,1.445
Au0.25Pt0.75,1.35,1.39,2.345,2.171,1.322
Au0.15Pt0.85,1.35,1.374,2.319,2.153,1.274
Pt,1.35,1.35,2.28,2.125,1.2
Pt,1.35,1.35,2.28,2.125,1.2
Au,1.35,1.51,2.54,2.309,1.69
AuPt0.17,1.35,1.487,2.502,2.282,1.619
AuPt0.25,1.35,1.478,2.488,2.272,1.592
AuPt0.17,1.35,1.487,2.502,2.282,1.619
AuPt0.25,1.35,1.478,2.488,2.272,1.592
Ru0.1-V2O4,1.075,0.9635,2.5185,1.098,0.0265
Ru0.1-V2O4,1.075,0.9635,2.5185,1.098,0.0265
Ru0.1-V2O4,1.075,0.9635,2.5185,1.098,0.0265
Pt,1.35,1.35,2.28,2.125,1.2
Mn3O4,0.943,0.943,2.63,0.612,
Au@Pt,1.35,1.35,2.28,2.125,1.2
AuPt0.2,1.35,1.483,2.497,2.278,1.608
AuPt0.2,1.35,1.483,2.497,2.278,1.608
CeO2,1.017,1.017,2.667,1.165,-0.29
CeO2,1.017,1.017,2.667,1.165,-0.29
MnO2,0.867,0.557,2.81,0.801,0.016
Au-Pt,1.35,1.43,2.41,2.217,1.445
AuPtAg0.33,1.385,1.41,2.342,2.088,1.354
AuPtAg0.5,1.4,1.402,2.314,2.034,1.316
Ag3PO4,1.025,0.83,2.718,1.313,0.3
Pt,1.35,1.35,2.28,2.125,1.2
Pt,1.35,1.35,2.28,2.125,1.2
TiO2,0.867,0.867,2.807,0.999,-0.293
Au@C,0.7,0.7,2.55,1.262,
Co3O4,0.921,0.921,2.771,1.119,
Co3O4,0.921,0.921,2.771,1.119,
Co3O4,0.921,0.921,2.771,1.119,
Fe3O4,0.943,0.943,2.75,0.901,
Fe3O4,0.943,0.943,2.75,0.901,
Fe3O4,0.943,0.943,2.75,0.901,
Ir,1.35,1.35,2.2,1.564,
Pt,1.35,1.35,2.28,2.125,1.2
RuO2,0.833,0.635,3.027,1.323,0.263
Mn3O4,0.943,0.943,2.63,0.612,
CoFe2O4,0.936,0.85,2.757,0.973,-0.05
MoO2.8,0.812,0.812,3.12,1.283,0.038
Eu2O2S,1.18,1.18,2.372,1.046,-1.358
Eu2O2S,1.18,1.18,2.372,1.046,-1.358
Eu2O2S,1.18,1.18,2.372,1.046,-1.358
Eu2O2S,1.18,1.18,2.372,1.046,-1.358
Eu2O2S,1.18,1.18,2.372,1.046,-1.358
Eu2O2S,1.18,1.18,2.372,1.046,-1.358
Eu2O3,1.1,1.1,2.544,0.923,-1.358
Eu2O3,1.1,1.1,2.544,0.923,-1.358
RuSe2,1.2,1.002,2.433,1.696,0.263
RuSe2,1.2,1.002,2.433,1.696,0.263
RuSe2,1.2,1.002,2.433,1.696,0.263
RuSe2,1.2,1.002,2.433,1.696,0.263
YVO4,0.925,0.925,2.768,1.113,-0.437
YVO4,0.925,0.925,2.768,1.113,-0.437
Ce2(WO4)3,0.879,0.781,2.976,1.243,-0.308
Ce2(WO4)3,0.879,0.781,2.976,1.243,-0.308
Mo5N6,1.014,1.014,2.64,0.302,
Mo5N6,1.014,1.014,2.64,0.302,
CuS,1.175,0.84,2.24,1.656,0.17
CuS,1.175,0.84,2.24,1.656,0.17
CuS,1.175,0.84,2.24,1.656,0.17
Co3O4,0.921,0.921,2.771,1.119,
Co3O4,0.921,0.921,2.771,1.119,
Co3O4,0.921,0.921,2.771,1.119,
Co3O4,0.921,0.921,2.771,1.119,
Fe0.8Ni0.2S2,1.13,1.13,2.335,1.503,-0.027
Fe0.8Ni0.2S2,1.13,1.13,2.335,1.503,-0.027
Fe0.6Ni0.4S2,1.127,1.127,2.341,1.57,-0.007
Fe0.6Ni0.4S2,1.127,1.127,2.341,1.57,-0.007
Fe0.4Ni0.6S2,1.123,1.123,2.346,1.637,-0.005
Fe0.4Ni0.6S2,1.123,1.123,2.346,1.637,-0.005
FeS2,1.133,1.133,2.33,1.436,-0.012
FeS2,1.133,1.133,2.33,1.436,-0.012
Cu9S8,1.185,1.185,2.22,1.632,0.201
Cu9S8,1.185,1.185,2.22,1.632,0.201
ZnS,1.175,1.175,2.115,0.729,-0.38
ZnS,1.175,1.175,2.115,0.729,-0.38
Bi2Fe4O9,0.947,0.947,2.821,1.043,0.021
Bi2Fe4O9,0.947,0.947,2.821,1.043,0.021
FeS2,1.133,1.133,2.33,1.436,-0.012
FeS2,1.133,1.133,2.33,1.436,-0.012
WS2,1.117,0.92,2.507,1.657,-0.04
WS2,1.117,0.92,2.507,1.657,-0.04
WSe2,1.217,1.02,2.487,1.619,-0.04
WSe2,1.217,1.02,2.487,1.619,-0.04
WTe2,1.383,1.187,2.187,1.586,-0.079
WTe2,1.383,1.187,2.187,1.586,-0.079
CeCoO3,1,0.88,2.664,1.124,-0.23
CeCoO3,1,0.88,2.664,1.124,-0.23
Fe3O4,0.943,0.943,2.75,0.901,
Fe3O4,0.943,0.943,2.75,0.901,
Fe3O4,0.943,0.943,2.75,0.901,
Fe3O4,0.943,0.943,2.75,0.901,
Cu2MoS4,1.164,1.027,2.326,1.647,0.171
Cu2MoS4,1.164,1.027,2.326,1.647,0.171
Cu2MoS4,1.164,1.027,2.326,1.647,0.171
Fe3O4,0.943,0.943,2.75,0.901,
Au,1.35,1.51,2.54,2.309,1.69
C,0.7,0.7,2.55,1.262,
MnO2,0.867,0.557,2.81,0.801,0.016
MnO2,0.867,0.557,2.81,0.801,0.016
MnOOH,0.712,0.53,2.657,0.789,-0.295
Co3V2O8,0.888,0.75,2.802,1.133,-0.103
Co3V2O8,0.888,0.75,2.802,1.133,-0.103
Co3V2O8,0.888,0.75,2.802,1.133,-0.103
Co3O4@NiO,0.975,0.67,2.675,1.309,-0.13
Co3O4@NiO,0.975,0.67,2.675,1.309,-0.13
SiW12@Co3O4,0.921,0.921,2.771,1.119,
SiW12@Co3O4,0.921,0.921,2.771,1.119,
Mo0.02-Co3O4,1.1855,1.1855,2.4655,0.933,
Mo0.02-Co3O4,1.1855,1.1855,2.4655,0.933,
Au,1.35,1.51,2.54,2.309,1.69
Au,1.35,1.51,2.54,2.309,1.69
FeS,1.2,0.893,2.205,1.115,-0.225
FeS,1.2,0.893,2.205,1.115,-0.225
MoS2,1.15,0.917,2.44,1.634,-0.024
MoS2,1.15,0.917,2.44,1.634,-0.024
Fe0.5Co0.5,1.375,1.375,1.855,0.408,-0.365
Fe0.5Co0.5,1.375,1.375,1.855,0.408,-0.365
Fe,1.4,1.4,1.83,0.153,-0.45
Fe,1.4,1.4,1.83,0.153,-0.45
Co,1.35,1.35,1.88,0.662,-0.28
Co,1.35,1.35,1.88,0.662,-0.28
MnFe2O4,0.943,0.855,2.71,0.804,-0.179
CoFe2O4,0.936,0.85,2.757,0.973,-0.05
NiFe2O4,0.936,0.849,2.761,1.044,-0.047
ZnFe2O4,0.936,0.936,2.724,0.79,-0.119
Rh,1.35,1.35,2.28,1.143,0.6
Rh,1.35,1.35,2.28,1.143,0.6
Fe3O4,0.943,0.943,2.75,0.901,
Fe3O4,0.943,0.943,2.75,0.901,
Fe3O4-Pt0.15,1.1465,1.1465,2.515,1.513,1.2
Fe3O4-Pt0.15,1.1465,1.1465,2.515,1.513,1.2
Pt,1.35,1.35,2.28,2.125,1.2
SiAu,1.225,1.305,2.22,1.849,
SiAu,1.225,1.305,2.22,1.849,
SiAu,1.225,1.305,2.22,1.849,
Au@Pt0.16,1.35,1.35,2.28,2.125,1.2
Au@Pd0.2Pt,1.358,1.247,2.267,1.865,1.138
Au@PdPt,1.375,1.04,2.24,1.344,1.015
Fe3O4,0.943,0.943,2.75,0.901,
Fe3O4,0.943,0.943,2.75,0.901,
Si-Fe3O4,1.0215,1.0215,2.325,1.1455,
Si-Fe3O4,1.0215,1.0215,2.325,1.1455,
Se,1.15,1.15,2.55,2.021,
Se,1.15,1.15,2.55,2.021,
Co3Fe,1.363,1.363,1.868,0.535,-0.322
Co3Fe,1.363,1.363,1.868,0.535,-0.322
Fe3O4,0.943,0.943,2.75,0.901,
Fe3O4,0.943,0.943,2.75,0.901,
Fe3O4,0.943,0.943,2.75,0.901,
Ni@Pt,1.35,1.35,2.28,2.125,1.2
Pt,1.35,1.35,2.28,2.125,1.2
PtNi0.33,1.35,1.35,2.188,1.885,0.838
PtNi1,1.35,1.35,2.095,1.641,0.47
PtNi1,1.35,1.35,2.095,1.641,0.47
FeS2,1.133,1.133,2.33,1.436,-0.012
FeS2,1.133,1.133,2.33,1.436,-0.012
(FeS2)0.3-SiO2,0.95,0.95,2.6285,1.4365,-0.012
(FeS2)0.3-SiO2,0.95,0.95,2.6285,1.4365,-0.012
NiS,1.175,0.87,2.245,1.617,-0.13
NiS,1.175,0.87,2.245,1.617,-0.13
FeS2-C,0.9165,0.9165,2.44,1.349,-0.012
FeS2-C,0.9165,0.9165,2.44,1.349,-0.012
Cu5ZnFe5S6,1.209,0.936,2.164,1.217,-0.03
Cu5ZnFe5S6,1.209,0.936,2.164,1.217,-0.03
Au,1.35,1.51,2.54,2.309,1.69
Au,1.35,1.51,2.54,2.309,1.69
Fe3O4,0.943,0.943,2.75,0.901,
Fe3O4,0.943,0.943,2.75,0.901,
WS2,1.117,0.92,2.507,1.657,-0.04
WS2,1.117,0.92,2.507,1.657,-0.04
WS2,1.117,0.92,2.507,1.657,-0.04
WS2,1.117,0.92,2.507,1.657,-0.04
MoS2,1.15,0.917,2.44,1.634,-0.024
MoS2,1.15,0.917,2.44,1.634,-0.024
Fe3O4,0.943,0.943,2.75,0.901,
Fe3O4,0.943,0.943,2.75,0.901,
Fe3O4,0.943,0.943,2.75,0.901,
Fe3O4,0.943,0.943,2.75,0.901,
Ag,1.6,1.29,1.93,1.304,0.8
Fe3O4,0.943,0.943,2.75,0.901,
Ag@Fe3O4,0.943,0.943,2.75,0.901,
Ag@Fe3O4,0.943,0.943,2.75,0.901,
MnO2,0.867,0.557,2.81,0.801,0.016
WS2,1.117,0.92,2.507,1.657,-0.04
WS2,1.117,0.92,2.507,1.657,-0.04
MoO3,0.812,0.812,3.12,1.283,0.038
MoO3,0.812,0.812,3.12,1.283,0.038
Pt,1.35,1.35,2.28,2.125,1.2
Pt,1.35,1.35,2.28,2.125,1.2
Pt0.5-MoO3,1.081,1.081,2.7,1.704,0.619
Pt0.5-MoO3,1.081,1.081,2.7,1.704,0.619
Pt0.5-MoO3,1.081,1.081,2.7,1.704,0.619
Pt0.5-MoO3,1.081,1.081,2.7,1.704,0.619
MoS2,1.15,0.917,2.44,1.634,-0.024
MoS2,1.15,0.917,2.44,1.634,-0.024
N0.1-MoS2,0.9,0.7835,2.74,0.782,-0.024
N0.1-MoS2,0.9,0.7835,2.74,0.782,-0.024
(PtFe)0.5@Fe3O4,0.943,0.943,2.75,0.901,
(PtFe)0.5@Fe3O4,0.943,0.943,2.75,0.901,
PtFe,1.375,1.375,2.055,1.139,0.375
PtFe,1.375,1.375,2.055,1.139,0.375
Fe3O4,0.943,0.943,2.75,0.901,
Fe3O4,0.943,0.943,2.75,0.901,
Co3O4,0.921,0.921,2.771,1.119,
Co3O4,0.921,0.921,2.771,1.119,
Pd,1.4,0.73,2.2,0.562,0.83
Pd,1.4,0.73,2.2,0.562,0.83
Pd@Pt,1.35,1.35,2.28,2.125,1.2
Pd@Pt,1.35,1.35,2.28,2.125,1.2
Pt,1.35,1.35,2.28,2.125,1.2
Pt,1.35,1.35,2.28,2.125,1.2
NiCo2S4,1.15,0.869,2.284,1.541,0.077
NiCo2S4,1.15,0.869,2.284,1.541,0.077
PtRu,1.325,1.325,2.24,1.586,0.825
PtRu,1.325,1.325,2.24,1.586,0.825
CoNiS3,,,,,-0.108
CoNiS3,,,,,-0.108
NiO,0.975,0.67,2.675,1.309,-0.13
NiO,0.975,0.67,2.675,1.309,-0.13
NiO,0.975,0.67,2.675,1.309,-0.13
NiO,0.975,0.67,2.675,1.309,-0.13
CuS,1.175,0.84,2.24,1.656,0.17
CuS,1.175,0.84,2.24,1.656,0.17
Pt0.9Cu0.1,1.35,1.306,2.242,2.036,1.132
Pt0.9Cu0.1,1.35,1.306,2.242,2.036,1.132
Fe0.5Ni0.5Co2O4,0.925,0.881,2.77,1.118,-0.077
Fe0.5Ni0.5Co2O4,0.925,0.881,2.77,1.118,-0.077
CuS,1.175,0.84,2.24,1.656,0.17
CuS,1.175,0.84,2.24,1.656,0.17
Au,1.35,1.51,2.54,2.309,1.69
Au,1.35,1.51,2.54,2.309,1.69
Pt3Ni,1.35,1.35,2.188,1.883,0.835
Pt3Ni,1.35,1.35,2.188,1.883,0.835
Pd0.2-Fe3O4,1.1715,0.8365,2.475,0.7315,0.83
Pd0.2-Fe3O4,1.1715,0.8365,2.475,0.7315,0.83
Pd0.2-Fe3O4,1.1715,0.8365,2.475,0.7315,0.83
Pd0.2-Fe3O4,1.1715,0.8365,2.475,0.7315,0.83
Pd0.2-Fe3O4,1.1715,0.8365,2.475,0.7315,0.83
Pd0.2-Fe3O4,1.1715,0.8365,2.475,0.7315,0.83
Co3O4,0.921,0.921,2.771,1.119,
Co3O4,0.921,0.921,2.771,1.119,
Co3O4,0.921,0.921,2.771,1.119,
Co3O4,0.921,0.921,2.771,1.119,
AuPt0.5,1.35,1.457,2.453,2.247,1.527
AuPt,1.35,1.43,2.41,2.217,1.445
AuPt2,1.35,1.403,2.367,2.186,1.363
AuPt3,1.35,1.39,2.345,2.171,1.322
AuPt3Cu0.45,1.35,1.341,2.3,2.076,1.241
AuPt3Cu0.65,1.35,1.323,2.283,2.04,1.21
AuPt3Cu0.7,1.35,1.319,2.279,2.032,1.203
AuPt3Cu0.8,1.35,1.31,2.271,2.015,1.189
AuPt3Cu,1.35,1.294,2.256,1.984,1.162
AuPt3Cu1.2,1.35,1.279,2.242,1.955,1.137
AuPt3Cu1.3,1.35,1.272,2.236,1.942,1.126
PtCu0.3,1.35,1.248,2.192,1.92,1.043
PtCu0.35,1.35,1.236,2.181,1.895,1.024
PtCu0.4,1.35,1.224,2.171,1.871,1.006
PtCu0.45,1.35,1.213,2.162,1.849,0.989
PtCu0.6,1.35,1.185,2.137,1.792,0.945
Pt,1.35,1.35,2.28,2.125,1.2
AuPt3,1.35,1.39,2.345,2.171,1.322
AuPt3Cu,1.35,1.294,2.256,1.984,1.162
PtCu0.4,1.35,1.224,2.171,1.871,1.006
AuPt3,1.35,1.39,2.345,2.171,1.322
AuPt3Cu,1.35,1.294,2.256,1.984,1.162
PtCu0.4,1.35,1.224,2.171,1.871,1.006
AuPt3,1.35,1.39,2.345,2.171,1.322
AuPt3Cu,1.35,1.294,2.256,1.984,1.162
PtCu0.4,1.35,1.224,2.171,1.871,1.006
AuPt3,1.35,1.39,2.345,2.171,1.322
AuPt3Cu,1.35,1.294,2.256,1.984,1.162
PtCu0.4,1.35,1.224,2.171,1.871,1.006
PdIr0.5,1.383,0.937,2.2,0.896,
PdIr0.5,1.383,0.937,2.2,0.896,
PdRh0.03Ir0.03,1.397,0.765,2.202,0.607,
PdRh0.03Ir0.03,1.397,0.765,2.202,0.607,
Pt48Pd52-Fe3O4,1.1595,0.9855,2.494,1.1065,1.008
Pt48Pd52-Fe3O4,1.1595,0.9855,2.494,1.1065,1.008
Pt48Pd52,1.376,1.028,2.238,1.312,1.008
Fe3O4,0.943,0.943,2.75,0.901,
V2O5,0.814,0.814,2.923,1.194,-0.071
V2O5,0.814,0.814,2.923,1.194,-0.071
VO2,0.85,0.627,2.837,1.15,-0.397
VO2,0.85,0.627,2.837,1.15,-0.397
V2O5,0.814,0.814,2.923,1.194,-0.071
V2O5,0.814,0.814,2.923,1.194,-0.071
VO2,0.85,0.627,2.837,1.15,-0.397
VO2,0.85,0.627,2.837,1.15,-0.397
VO2,0.85,0.627,2.837,1.15,-0.397
VO2,0.85,0.627,2.837,1.15,-0.397
V2O5,0.814,0.814,2.923,1.194,-0.071
Pd@Pt,1.35,1.35,2.28,2.125,1.2
Pd@Pt,1.35,1.35,2.28,2.125,1.2
Pd@Pt3-Ru,1.338,1.338,2.26,1.855,1.012
Pd@Pt3-Ru,1.338,1.338,2.26,1.855,1.012
Pd@Pt-Ru,1.325,1.325,2.24,1.586,0.825
Pd@Pt-Ru,1.325,1.325,2.24,1.586,0.825
Pd@Pt-Ru3,1.312,1.312,2.22,1.316,0.638
Pd@Pt-Ru3,1.312,1.312,2.22,1.316,0.638
Pd82.5Pt9.4Ru8.1,1.387,0.834,2.208,0.748,0.834
Pd82.5Pt9.4Ru8.1,1.387,0.834,2.208,0.748,0.834
Pd82.5Pt9.4Ru8.1,1.387,0.834,2.208,0.748,0.834
Pd82.5Pt9.4Ru8.1,1.387,0.834,2.208,0.748,0.834
Pd@Pt-Ru,1.325,1.325,2.24,1.586,0.825
Pd@Pt-Ru,1.325,1.325,2.24,1.586,0.825
Pd@Pt-Ru,1.325,1.325,2.24,1.586,0.825
Pd@Pt-Ru,1.325,1.325,2.24,1.586,0.825
Ag0.26-Au0.3@CeO2,1.017,1.017,2.667,1.165,-0.29
Ag0.26-Au0.3@CeO2,1.017,1.017,2.667,1.165,-0.29
Pd@Pt,1.35,1.35,2.28,2.125,1.2
Pd@Pt,1.35,1.35,2.28,2.125,1.2
Au,1.35,1.51,2.54,2.309,1.69
Au,1.35,1.51,2.54,2.309,1.69
Au@Pt,1.35,1.35,2.28,2.125,1.2
Au@Pt,1.35,1.35,2.28,2.125,1.2
Pd@Pt,1.35,1.35,2.28,2.125,1.2
Pd@Pt,1.35,1.35,2.28,2.125,1.2
Pd@Pt,1.35,1.35,2.28,2.125,1.2
Pd@Pt,1.35,1.35,2.28,2.125,1.2
Pd@Pt,1.35,1.35,2.28,2.125,1.2
Pd@Pt,1.35,1.35,2.28,2.125,1.2
Pt,1.35,1.35,2.28,2.125,1.2
Pt,1.35,1.35,2.28,2.125,1.2
Mn3O4,0.943,0.943,2.63,0.612,
Mn3O4,0.943,0.943,2.63,0.612,
Au0.1/Co3O4-CeO2,1.15,1.23,2.64,1.721,0.8015
Au0.1/Co3O4-CeO2,1.15,1.23,2.64,1.721,0.8015
CoMoO4,0.867,0.767,2.967,1.209,-0.021
Co3V2O8,0.888,0.75,2.802,1.133,-0.103
Co3V2O8,0.888,0.75,2.802,1.133,-0.103
Co3V2O8,0.888,0.75,2.802,1.133,-0.103
Co3O4/CuO,0.948,0.7805,2.7205,1.2335,0.17
"(Co,Mn)3O4",1.023,0.855,2.499,0.703,-0.322
Au0.02/Fe2O3,1.135,1.215,2.668,1.6235,0.838
Au0.02/Fe2O3,1.135,1.215,2.668,1.6235,0.838
Pt/ZnCo2O4,1.1355,1.0385,2.5095,1.5305,0.603
Pt/ZnCo2O4,1.1355,1.0385,2.5095,1.5305,0.603
Mn3O4,0.943,0.943,2.63,0.612,
Mn3O4,0.943,0.943,2.63,0.612,
LaMnO3.15,1.017,1.017,2.619,0.901,-0.46
V6O13,0.837,0.837,2.868,1.166,
V6O13,0.837,0.837,2.868,1.166,
MnCo2O4,0.929,0.646,2.724,0.95,-0.054
Pt/CeO2,1.1835,1.1835,2.4735,1.645,0.455
Pt/CeO2,1.1835,1.1835,2.4735,1.645,0.455
CoMn2O4/Mn2O3,0.928,0.694,2.6805,0.725,-0.4245
Mn2O3,0.92,0.628,2.684,0.669,-0.472
CeO2,1.017,1.017,2.667,1.165,-0.29
Pr0.05-CeO2,1.4335,1.4335,1.8985,0.637,-0.29
Pr0.1-CeO2,1.4335,1.4335,1.8985,0.637,-0.29
Pr0.15-CeO2,1.4335,1.4335,1.8985,0.637,-0.29
Pr0.2-CeO2,1.4335,1.4335,1.8985,0.637,-0.29
Mn0.6Co0.4O,0.99,0.686,2.561,0.707,-0.41
Fe2O3/Fe4(Fe(CN)6)4,0.8495,0.8495,2.7265,0.7355,-0.0095
Fe2O3/Fe4(Fe(CN)6)4,0.8495,0.8495,2.7265,0.7355,-0.0095
Ni/CoMoO4,1.1085,1.0585,2.4385,1.183,-0.1405
Ni/CoMoO4,1.1085,1.0585,2.4385,1.183,-0.1405
Ni/CoMoO4,1.1085,1.0585,2.4385,1.183,-0.1405
Fe2O3,0.92,0.92,2.796,0.938,-0.014
Fe2O3,0.92,0.92,2.796,0.938,-0.014
Fe2O3,0.92,0.92,2.796,0.938,-0.014
Fe2O3,0.92,0.92,2.796,0.938,-0.014
Fe2O3,0.92,0.92,2.796,0.938,-0.014
Fe2O3,0.92,0.92,2.796,0.938,-0.014
Fe2O3,0.92,0.92,2.796,0.938,-0.014
NiCo2O4,0.921,0.64,2.776,1.189,0.077
NiCo2O4-Au0.44,1.1355,1.075,2.658,1.749,0.8835
NiCo2O4,0.921,0.64,2.776,1.189,0.077
NiCo2O4,0.921,0.64,2.776,1.189,0.077
NiCo2O4-Au0.44,1.1355,1.075,2.658,1.749,0.8835
NiCo2O4-Au0.44,1.1355,1.075,2.658,1.749,0.8835
Co(OH)2,0.61,0.49,2.632,1.019,-0.056
BNCuS,0.962,0.795,2.39,0.881,0.085
BNCuS,0.962,0.795,2.39,0.881,0.085
Rh,1.35,1.35,2.28,1.143,0.6
Rh,1.35,1.35,2.28,1.143,0.6
Rh,1.35,1.35,2.28,1.143,0.6
Au-Pt0.25,1.35,1.43,2.41,2.217,1.445
Au-Pt0.17,1.35,1.43,2.41,2.217,1.445
Au-Pt0.10,1.35,1.43,2.41,2.217,1.445
Au-Pt0.25,1.35,1.43,2.41,2.217,1.445
Au-Pt0.25,1.35,1.43,2.41,2.217,1.445
Au-Pt0.25,1.35,1.43,2.41,2.217,1.445
Au-Pt0.25,1.35,1.43,2.41,2.217,1.445
NiMoO4-Cu,1.1085,0.8375,2.436,1.2635,0.251
NiMoO4-Cu,1.1085,0.8375,2.436,1.2635,0.251
CoMoO4-Cu,1.1085,0.8385,2.4335,1.2225,0.2495
CoMoO4-Cu,1.1085,0.8385,2.4335,1.2225,0.2495
NHMoO3,0.692,0.692,2.953,0.969,0.026
NHMoO3,0.692,0.692,2.953,0.969,0.026
AuPt,1.35,1.43,2.41,2.217,1.445
Pt,1.35,1.35,2.28,2.125,1.2
Pt,1.35,1.35,2.28,2.125,1.2
Pt,1.35,1.35,2.28,2.125,1.2
Pt,1.35,1.35,2.28,2.125,1.2
Pt,1.35,1.35,2.28,2.125,1.2
Ni@Pt2,1.35,1.35,2.28,2.125,1.2
Ni@Pt,1.35,1.35,2.28,2.125,1.2
Ni@Pt0.5,1.35,1.35,2.28,2.125,1.2
SrFeO3,1.1,0.895,2.488,0.79,-0.632
La0.5Sr0.5MnO3,1.035,1.035,2.579,0.834,-0.526
La0.5Sr0.5FeO3,1.063,1.063,2.584,0.937,-0.56
LaNiO3,1.02,1.02,2.666,1.22,-0.526
LaNiO3-H2,0.635,0.635,2.433,0.9875,-0.526
LaMnO3,1.03,0.884,2.594,0.884,-0.71
LaMn0.5Ni0.5O3,1.025,0.871,2.63,1.052,-0.495
CoO,0.975,0.675,2.66,1.062,-0.14
LaCoO3,1.02,0.884,2.66,1.121,-0.394
CeO2,1.017,1.017,2.667,1.165,-0.29
Fe2O3,0.92,0.92,2.796,0.938,-0.014
Fe3O4,0.943,0.943,2.75,0.901,
CuO,0.975,0.64,2.67,1.348,0.17
Co3O4,0.921,0.921,2.771,1.119,
Mn2O3,0.92,0.628,2.684,0.669,-0.472
Cu(OH)2,0.61,0.476,2.636,1.133,0.068
LaCrO3,1.03,1.03,2.616,1.123,-0.62
LaFeO3,1.03,1.03,2.65,1.019,-0.481
CaMnO3,1,0.814,2.574,0.778,-0.542
NiO,0.975,0.67,2.675,1.309,-0.13
MnO2,0.867,0.557,2.81,0.801,0.016
Mn3O4,0.943,0.943,2.63,0.612,
Cu(OH)2,0.61,0.476,2.636,1.133,0.068
Cu(OH)2,0.61,0.476,2.636,1.133,0.068
Fe2O3,0.92,0.92,2.796,0.938,-0.014
Fe2O3,0.92,0.92,2.796,0.938,-0.014
Fe2O3,0.92,0.92,2.796,0.938,-0.014
Fe2O3,0.92,0.92,2.796,0.938,-0.014
Fe2O3,0.92,0.92,2.796,0.938,-0.014
Fe2O3,0.92,0.92,2.796,0.938,-0.014